epoch;accuracy;loss;lr;mean_iou;val_accuracy;val_loss;val_mean_iou
0;0,16428080201148987;1,9044651985168457;1e-04;0,07057663053274155;0,1390250027179718;4,141995906829834;0,09368088096380234
1;0,5252813696861267;1,1729650497436523;1e-04;0,33461371064186096;0,14900098741054535;12,092753410339355;0,06472932547330856
2;0,7589799165725708;0,845133900642395;1e-04;0,5500889420509338;0,15563228726387024;20,786224365234375;0,0549464076757431
3;0,8082478642463684;0,6821352243423462;1e-04;0,6291006207466125;0,15962818264961243;24,359594345092773;0,05458875000476837
4;0,8266285061836243;0,5798403024673462;1e-04;0,6715454459190369;0,16276685893535614;24,517316818237305;0,05450255796313286
5;0,8409386873245239;0,5105926394462585;1e-04;0,7008283138275146;0,16321754455566406;24,365238189697266;0,054427966475486755
6;0,8522246479988098;0,46206149458885193;5e-05;0,723067581653595;0,16322381794452667;25,903945922851562;0,05442843958735466
7;0,8595556616783142;0,4336332678794861;5e-05;0,7365902066230774;0,1632232666015625;27,43147087097168;0,054428596049547195
8;0,8666114807128906;0,4092181324958801;5e-05;0,7500746250152588;0,16322381794452667;29,448373794555664;0,05443497374653816
9;0,8732239603996277;0,3868621587753296;5e-05;0,7632946968078613;0,16324234008789062;32,56447982788086;0,05443555489182472
10;0,8790721297264099;0,3679123520851135;5e-05;0,7752777934074402;0,1631971150636673;36,29660415649414;0,05443209782242775
11;0,8836010098457336;0,35328319668769836;2,5e-05;0,7842794060707092;0,16319219768047333;42,90324783325195;0,05449965223670006
12;0,8861754536628723;0,3451392948627472;2,5e-05;0,7893409132957458;0,1634763926267624;52,15022659301758;0,054509181529283524
13;0,8887436389923096;0,337204247713089;2,5e-05;0,7943803668022156;0,1634499728679657;61,04368209838867;0,05451364442706108
14;0,8912757039070129;0,32958677411079407;2,5e-05;0,7992703318595886;0,1632736772298813;69,06897735595703;0,05459480360150337
15;0,8936510682106018;0,3222734034061432;2,5e-05;0,8038894534111023;0,16295596957206726;75,55070495605469;0,054869260638952255
16;0,8956233859062195;0,3163570463657379;1,25e-05;0,8077611923217773;0,16256467998027802;80,93695068359375;0,05528710409998894
17;0,8968098759651184;0,31288018822669983;1,25e-05;0,8101369738578796;0,1623014658689499;85,16358947753906;0,0556064136326313
18;0,8980294466018677;0,30943721532821655;1,25e-05;0,8124980926513672;0,16191890835762024;88,54917907714844;0,05578555539250374
19;0,8992407917976379;0,3060285151004791;1,25e-05;0,8148652911186218;0,16154125332832336;91,0763168334961;0,05599605664610863
20;0,9004269242286682;0,30266186594963074;1,25e-05;0,817115843296051;0,1614028364419937;92,87098693847656;0,0569758377969265
21;0,9013814330101013;0,2998845875263214;6,25e-06;0,8189606666564941;0,16160719096660614;94,60621643066406;0,05906148627400398
22;0,9019518494606018;0,29823726415634155;6,25e-06;0,8200594782829285;0,16159166395664215;95,855224609375;0,06108914688229561
23;0,9025360941886902;0,2965759336948395;6,25e-06;0,8211976885795593;0,1623516082763672;96,99703216552734;0,06511463969945908
24;0,9031137228012085;0,29490628838539124;6,25e-06;0,8222892880439758;0,16427066922187805;98,11732482910156;0,07199490070343018
25;0,9036887288093567;0,2932453751564026;6,25e-06;0,8234057426452637;0,16791561245918274;99,00249481201172;0,08119786530733109
26;0,9041759371757507;0,29186320304870605;3,125e-06;0,8243508338928223;0,17045648396015167;99,75275421142578;0,08799473196268082
27;0,9044654369354248;0,291034460067749;3,125e-06;0,8249192833900452;0,17074258625507355;100,14739227294922;0,09081480652093887
28;0,9047636389732361;0,29019543528556824;3,125e-06;0,8254842162132263;0,17055919766426086;100,28852081298828;0,09199836850166321
29;0,9050487279891968;0,2893548309803009;3,125e-06;0,8260285258293152;0,1701115220785141;100,24794006347656;0,09296277910470963
30;0,9053444266319275;0,28851035237312317;3,125e-06;0,8266000747680664;0,16909053921699524;100,24434661865234;0,09355289489030838
31;0,9055836796760559;0,2878023386001587;1,5625e-06;0,8270768523216248;0,16696330904960632;100,33422088623047;0,0935375764966011
32;0,9057389497756958;0,28736886382102966;1,5625e-06;0,8273794054985046;0,16432952880859375;100,38902282714844;0,09311584383249283
33;0,9058935046195984;0,2869355082511902;1,5625e-06;0,8276755809783936;0,1616407185792923;100,25399017333984;0,0925934836268425
34;0,906039834022522;0,28649917244911194;1,5625e-06;0,8279585838317871;0,15922273695468903;99,97245025634766;0,09233764559030533
35;0,9061847925186157;0,28606531023979187;1,5625e-06;0,8282313346862793;0,1579674333333969;99,59871673583984;0,0928407534956932
36;0,9063233137130737;0,2856776714324951;1e-06;0,8284958004951477;0,1567167490720749;99,2542724609375;0,09317660331726074
37;0,9064260721206665;0,28539204597473145;1e-06;0,8286951184272766;0,15533773601055145;98,8463134765625;0,09352099895477295
38;0,9065433740615845;0,28510499000549316;1e-06;0,8289179801940918;0,1537581831216812;98,38542938232422;0,09361382573843002
39;0,9066388607025146;0,28481724858283997;1e-06;0,8291118144989014;0,15314075350761414;97,87738037109375;0,09404721111059189
40;0,9067450761795044;0,2845304012298584;1e-06;0,8293106555938721;0,15243776142597198;97,32593536376953;0,09438497573137283
41;0,9068509936332703;0,28423911333084106;1e-06;0,8295088410377502;0,1529366672039032;96,6827392578125;0,09548348188400269
42;0,9069564342498779;0,2839473485946655;1e-06;0,8297140598297119;0,1540437489748001;95,98053741455078;0,0967300534248352
43;0,9070575833320618;0,2836531400680542;1e-06;0,8299081325531006;0,1545042246580124;95,24101257324219;0,09734299033880234
44;0,9071641564369202;0,2833526134490967;1e-06;0,8301050662994385;0,1551581770181656;94,45188903808594;0,09798000007867813
45;0,9072744250297546;0,28305476903915405;1e-06;0,8303168416023254;0,15573446452617645;93,61204528808594;0,0984712466597557
46;0,9073835611343384;0,28275367617607117;1e-06;0,830529510974884;0,1564262956380844;92,69685363769531;0,09895487874746323
47;0,9074804186820984;0,2824489176273346;1e-06;0,8307137489318848;0,15691430866718292;91,7083740234375;0,09920364618301392
48;0,9075896739959717;0,2821464538574219;1e-06;0,8309106230735779;0,1573159396648407;90,64878845214844;0,09918291121721268
49;0,9077009558677673;0,2818413972854614;1e-06;0,8311265110969543;0,1567619889974594;89,52108001708984;0,09797529131174088
50;0,9078112244606018;0,28153446316719055;1e-06;0,8313486576080322;0,15521349012851715;88,34969329833984;0,0956159457564354
51;0,9079219698905945;0,28122952580451965;1e-06;0,8315445780754089;0,15355873107910156;87,16522979736328;0,0930173397064209
52;0,9080275297164917;0,28091907501220703;1e-06;0,831754744052887;0,15183067321777344;85,9312744140625;0,09010233730077744
53;0,9081409573554993;0,28060632944107056;1e-06;0,8319719433784485;0,1505955308675766;84,61211395263672;0,08753666281700134
54;0,9082538485527039;0,280293732881546;1e-06;0,8321948051452637;0,14962686598300934;83,25896453857422;0,08508598059415817
55;0,9083612561225891;0,2799810767173767;1e-06;0,8324001431465149;0,14857891201972961;81,855712890625;0,08230223506689072
56;0,9084761738777161;0,2796699106693268;1e-06;0,8326191902160645;0,14750970900058746;80,44156646728516;0,07945092767477036
57;0,9085894227027893;0,27935487031936646;1e-06;0,8328320980072021;0,146347314119339;78,92192840576172;0,07605066150426865
58;0,9086916446685791;0,2790338397026062;1e-06;0,833027184009552;0,14581243693828583;77,45396423339844;0,07321545481681824
59;0,9088035225868225;0,27871811389923096;1e-06;0,8332443833351135;0,14610671997070312;75,91377258300781;0,07112637162208557
60;0,9089169502258301;0,27839261293411255;1e-06;0,8334636688232422;0,14711761474609375;74,34729766845703;0,06959415227174759
61;0,9090349674224854;0,27807506918907166;1e-06;0,8337087631225586;0,14824213087558746;72,77496337890625;0,06852980703115463
62;0,9091459512710571;0,2777588665485382;1e-06;0,8339223861694336;0,14921978116035461;71,12458801269531;0,06785546988248825
63;0,9092587828636169;0,277438759803772;1e-06;0,8341390490531921;0,15053939819335938;69,46063995361328;0,06757577508687973
64;0,9093657732009888;0,27711954712867737;1e-06;0,8343493342399597;0,1523808091878891;67,76893615722656;0,06787341088056564
65;0,9094751477241516;0,2767966091632843;1e-06;0,8345696926116943;0,15450014173984528;66,11274719238281;0,06868194043636322
66;0,9095882177352905;0,2764744460582733;1e-06;0,8347867131233215;0,15741674602031708;64,42805480957031;0,07037213444709778
67;0,9097113013267517;0,2761528193950653;1e-06;0,8350275158882141;0,16131210327148438;62,75030517578125;0,07267213612794876
68;0,9098337292671204;0,2758257985115051;1e-06;0,8352517485618591;0,16630199551582336;61,059837341308594;0,07566482573747635
69;0,9099457263946533;0,27550017833709717;1e-06;0,8354628682136536;0,17235347628593445;59,39942169189453;0,07930165529251099
70;0,9100620150566101;0,27517202496528625;1e-06;0,8356914520263672;0,17880140244960785;57,781272888183594;0,0831814855337143
71;0,9101734757423401;0,27484577894210815;1e-06;0,835904598236084;0,18426458537578583;56,21371841430664;0,08646691590547562
72;0,9102861881256104;0,2745188772678375;1e-06;0,836127758026123;0,1889345943927765;54,70962905883789;0,08935457468032837
73;0,9104029536247253;0,274196058511734;1e-06;0,836345911026001;0,19338390231132507;53,29741287231445;0,09203103929758072
74;0,9105127453804016;0,27386564016342163;1e-06;0,8365485668182373;0,19908441603183746;51,88563919067383;0,0953790545463562
75;0,9106318354606628;0,27353793382644653;1e-06;0,8367810249328613;0,20848192274570465;50,514095306396484;0,10080321878194809
76;0,9107518196105957;0,27321335673332214;1e-06;0,8370029330253601;0,22413580119609833;49,27806854248047;0,10967415571212769
77;0,9108635783195496;0,2728831470012665;1e-06;0,8372370600700378;0,242431640625;48,130191802978516;0,11991669982671738
78;0,910980224609375;0,27255311608314514;1e-06;0,8374474048614502;0,2593337595462799;47,094879150390625;0,1290809065103531
79;0,9111049771308899;0,2722160518169403;1e-06;0,8376980423927307;0,27415111660957336;46,20716094970703;0,13661564886569977
80;0,9112204313278198;0,2718815505504608;1e-06;0,8379137516021729;0,2869069278240204;45,46221923828125;0,1426655650138855
81;0,9113331437110901;0,2715471088886261;1e-06;0,8381223082542419;0,2989215850830078;44,78033447265625;0,148074671626091
82;0,9114387035369873;0,27121657133102417;1e-06;0,838325023651123;0,31053516268730164;44,21359634399414;0,1531539410352707
83;0,9115498661994934;0,270883709192276;1e-06;0,8385475277900696;0,32295745611190796;43,711570739746094;0,1586623340845108
84;0,9116771817207336;0,27055439352989197;1e-06;0,8387963175773621;0,3353448510169983;43,27797317504883;0,16411806643009186
85;0,9117857217788696;0,2702203691005707;1e-06;0,8390050530433655;0,34766796231269836;42,882057189941406;0,16946059465408325
86;0,9119080305099487;0,2698880434036255;1e-06;0,8392479419708252;0,35907337069511414;42,59168243408203;0,17436271905899048
87;0,9120153784751892;0,269557386636734;1e-06;0,8394565582275391;0,37042346596717834;42,369625091552734;0,17919927835464478
88;0,9121375679969788;0,2692188322544098;1e-06;0,8396915793418884;0,3811296820640564;42,17202377319336;0,18359225988388062
89;0,9122515320777893;0,26888537406921387;1e-06;0,8399126529693604;0,3911040127277374;42,029640197753906;0,18744532763957977
90;0,9123699069023132;0,26854249835014343;1e-06;0,8401539921760559;0,40062031149864197;41,917991638183594;0,1910012811422348
91;0,91248619556427;0,2682100236415863;1e-06;0,8403730392456055;0,4098685085773468;41,84147262573242;0,19434435665607452
92;0,9126050472259521;0,26787373423576355;1e-06;0,8406195640563965;0,4188322424888611;41,78255081176758;0,197506383061409
93;0,9127296805381775;0,2675366699695587;1e-06;0,840850830078125;0,42710304260253906;41,768287658691406;0,20039576292037964
94;0,9128373861312866;0,26720231771469116;1e-06;0,8410781025886536;0,43440109491348267;41,7811279296875;0,20281954109668732
95;0,9129555225372314;0,2668705880641937;1e-06;0,8413122296333313;0,4408204257488251;41,795448303222656;0,20490406453609467
96;0,9130679965019226;0,26653406023979187;1e-06;0,8415355086326599;0,4463241994380951;41,81074905395508;0,2065674215555191
97;0,9131851196289062;0,2662014067173004;1e-06;0,841746985912323;0,4514743387699127;41,828094482421875;0,2080201953649521
98;0,9133052229881287;0,265866219997406;1e-06;0,8419848084449768;0,4558015465736389;41,8813362121582;0,2091735452413559
99;0,9134120345115662;0,2655275762081146;1e-06;0,8421890139579773;0,4602939188480377;41,88206100463867;0,2104259580373764
100;0,913528561592102;0,265191912651062;1e-06;0,8424067497253418;0,4644516408443451;41,8759651184082;0,21163000166416168
101;0,913643479347229;0,26485899090766907;1e-06;0,8426302075386047;0,4685927927494049;41,85737228393555;0,21281445026397705
102;0,9137529134750366;0,26452401280403137;1e-06;0,8428383469581604;0,4725954830646515;41,848411560058594;0,21397729218006134
103;0,9138661026954651;0,2641914188861847;1e-06;0,8430616855621338;0,476135790348053;41,82717514038086;0,214995875954628
104;0,9139751195907593;0,26385027170181274;1e-06;0,8432667255401611;0,47948673367500305;41,79775619506836;0,2159549742937088
105;0,9140904545783997;0,2635127604007721;1e-06;0,8434880375862122;0,4827074408531189;41,74138641357422;0,2169743925333023
106;0,9142127633094788;0,2631789743900299;1e-06;0,8437355160713196;0,485778272151947;41,65805435180664;0,21793967485427856
107;0,9143313765525818;0,26284629106521606;1e-06;0,8439705967903137;0,48829540610313416;41,55073928833008;0,21872150897979736
108;0,9144454598426819;0,26251131296157837;1e-06;0,8441817164421082;0,49049732089042664;41,441009521484375;0,21941496431827545
109;0,9145538806915283;0,2621721625328064;1e-06;0,8443891406059265;0,49306705594062805;41,297889709472656;0,220231294631958
110;0,9146779179573059;0,2618366479873657;1e-06;0,844618558883667;0,49513164162635803;41,125205993652344;0,22095710039138794
111;0,9147940874099731;0,26150277256965637;1e-06;0,8448441624641418;0,4971921145915985;40,96075439453125;0,2218480110168457
112;0,9149081110954285;0,2611645460128784;1e-06;0,8450669646263123;0,4994335174560547;40,757728576660156;0,2228599637746811
113;0,9150277376174927;0,26082712411880493;1e-06;0,845291793346405;0,5014128088951111;40,53544235229492;0,22386036813259125
114;0,915145993232727;0,26049306988716125;1e-06;0,845537006855011;0,5032988786697388;40,28168487548828;0,2248423844575882
115;0,9152674674987793;0,26015356183052063;1e-06;0,8457692265510559;0,5050103068351746;40,02155303955078;0,2257639616727829
116;0,9153749942779541;0,25982043147087097;1e-06;0,8459712862968445;0,506458580493927;39,7432861328125;0,226651132106781
117;0,9154905676841736;0,2594882845878601;1e-06;0,8461979031562805;0,5075604319572449;39,42656326293945;0,227469801902771
118;0,915603518486023;0,2591589689254761;1e-06;0,8464212417602539;0,5088536143302917;39,118003845214844;0,22828634083271027
119;0,9157150983810425;0,2588249146938324;1e-06;0,8466405272483826;0,5098451972007751;38,76418685913086;0,2290288656949997
120;0,9158298373222351;0,25848832726478577;1e-06;0,8468630909919739;0,510965883731842;38,392669677734375;0,22979561984539032
121;0,9159484505653381;0,2581520974636078;1e-06;0,8471047282218933;0,5119432806968689;38,011924743652344;0,23044238984584808
122;0,9160610437393188;0,2578163743019104;1e-06;0,84732586145401;0,512818455696106;37,60635757446289;0,23114442825317383
123;0,9161768555641174;0,2574803829193115;1e-06;0,8475434184074402;0,5137141346931458;37,18093490600586;0,23185040056705475
124;0,9162865877151489;0,257146418094635;1e-06;0,8477571606636047;0,5148211717605591;36,744258880615234;0,2327193021774292
125;0,9164106249809265;0,2568182647228241;1e-06;0,8480041027069092;0,5160050988197327;36,29616928100586;0,2335938662290573
126;0,9165339469909668;0,2564871609210968;1e-06;0,8482370376586914;0,5171884894371033;35,828426361083984;0,23445914685726166
127;0,9166465401649475;0,25615134835243225;1e-06;0,8484361171722412;0,5181898474693298;35,330299377441406;0,23526108264923096
128;0,916766881942749;0,2558192014694214;1e-06;0,8486824631690979;0,5191197991371155;34,80742645263672;0,23603729903697968
129;0,9168828129768372;0,25549185276031494;1e-06;0,8489052653312683;0,52025306224823;34,25221633911133;0,23681522905826569
130;0,9170086979866028;0,2551581561565399;1e-06;0,84913569688797;0,5212603807449341;33,69210433959961;0,23752279579639435
131;0,9171194434165955;0,2548292577266693;1e-06;0,8493661880493164;0,5223933458328247;33,1180305480957;0,2382647544145584
132;0,9172244071960449;0,25449439883232117;1e-06;0,8495623469352722;0,5233263373374939;32,539241790771484;0,23893289268016815
133;0,9173474311828613;0,2541564106941223;1e-06;0,8498079180717468;0,5240094065666199;31,93259048461914;0,23937098681926727
134;0,9174663424491882;0,2538215219974518;1e-06;0,85002201795578;0,5249295830726624;31,316608428955078;0,2399831861257553
135;0,9175796508789062;0,2534896433353424;1e-06;0,850247859954834;0,5257682800292969;30,67546272277832;0,24055759608745575
136;0,9176934957504272;0,2531583309173584;1e-06;0,850468635559082;0,5266233086585999;30,016984939575195;0,24125516414642334
137;0,9178063273429871;0,2528254985809326;1e-06;0,8506720066070557;0,5277121663093567;29,359439849853516;0,2419559210538864
138;0,9179208874702454;0,2524977922439575;1e-06;0,8508861660957336;0,528779149055481;28,678037643432617;0,24250881373882294
139;0,9180415868759155;0,2521679103374481;1e-06;0,8511238098144531;0,5295829772949219;27,99277114868164;0,24287258088588715
140;0,9181602001190186;0,25184038281440735;1e-06;0,8513501286506653;0,5302748084068298;27,30575942993164;0,2430495172739029
141;0,9182873368263245;0,251507431268692;1e-06;0,8515998721122742;0,5308780670166016;26,61697769165039;0,2430613785982132
142;0,9183923006057739;0,25117990374565125;1e-06;0,8518064618110657;0,5311020612716675;25,945268630981445;0,2427634447813034
143;0,9185060262680054;0,25085124373435974;1e-06;0,8520167469978333;0,5314565300941467;25,27907943725586;0,24244928359985352
144;0,9186185002326965;0,25052011013031006;1e-06;0,8522244095802307;0,5319001078605652;24,608957290649414;0,24220626056194305
145;0,9187344908714294;0,2501954436302185;1e-06;0,8524525761604309;0,5323895215988159;23,95663070678711;0,24195988476276398
146;0,9188439249992371;0,24987174570560455;1e-06;0,8526545166969299;0,5328712463378906;23,31601333618164;0,24177660048007965
147;0,918958842754364;0,24954278767108917;1e-06;0,8528752326965332;0,5328930616378784;22,696182250976562;0,24143843352794647
148;0,9190624356269836;0,249216690659523;1e-06;0,8530809283256531;0,5327317118644714;22,09194564819336;0,24105829000473022
149;0,9191945195198059;0,24889232218265533;1e-06;0,8533182144165039;0,5321260094642639;21,505321502685547;0,24046964943408966
150;0,9193001985549927;0,2485641986131668;1e-06;0,8535138964653015;0,531047523021698;20,9278507232666;0,2396790236234665
151;0,919411301612854;0,24823899567127228;1e-06;0,8537222743034363;0,5300690531730652;20,35346794128418;0,23916248977184296
152;0,9195284843444824;0,2479119747877121;1e-06;0,8539497256278992;0,528778076171875;19,79620933532715;0,23869116604328156
153;0,9196462035179138;0,247585728764534;1e-06;0,8541758060455322;0,5272794365882874;19,245922088623047;0,2385178953409195
154;0,9197630286216736;0,24726155400276184;1e-06;0,8543890118598938;0,5252900719642639;18,70718765258789;0,2380659580230713
155;0,9198822379112244;0,24693432450294495;1e-06;0,8546226620674133;0,5233268737792969;18,181346893310547;0,2379908710718155
156;0,9199897050857544;0,24660693109035492;1e-06;0,8548295497894287;0,5216416120529175;17,66642951965332;0,23840202391147614
157;0,9201001524925232;0,24628432095050812;1e-06;0,8550253510475159;0,5196282267570496;17,15780258178711;0,23895220458507538
158;0,9202144742012024;0,2459602952003479;1e-06;0,8552388548851013;0,5174631476402283;16,668935775756836;0,2397577315568924
159;0,9203307628631592;0,24563556909561157;1e-06;0,8554648756980896;0,5152263641357422;16,185007095336914;0,24074454605579376
160;0,9204385876655579;0,24531413614749908;1e-06;0,8556737899780273;0,5133010149002075;15,70942211151123;0,2419559508562088
161;0,9205502867698669;0,2449960708618164;1e-06;0,8558924794197083;0,5119072794914246;15,235709190368652;0,24377287924289703
162;0,920661211013794;0,24467460811138153;1e-06;0,8561177253723145;0,5108601450920105;14,765666007995605;0,24584762752056122
163;0,9207823872566223;0,24435344338417053;1e-06;0,8563337326049805;0,5098212361335754;14,295087814331055;0,24792037904262543
164;0,9208971858024597;0,24403415620326996;1e-06;0,8565642237663269;0,5093454718589783;13,829244613647461;0,2504225969314575
165;0,9210165739059448;0,24371306598186493;1e-06;0,8567754626274109;0,508667528629303;13,359987258911133;0,25251027941703796
166;0,9211267232894897;0,24339421093463898;1e-06;0,8570144772529602;0,5081185102462769;12,899856567382812;0,25455811619758606
167;0,9212454557418823;0,24306942522525787;1e-06;0,8572313785552979;0,507140040397644;12,45430850982666;0,2561752498149872
168;0,921363115310669;0,24275141954421997;1e-06;0,8574641346931458;0,506032407283783;12,00819206237793;0,2570059895515442
169;0,9214696288108826;0,24243219196796417;1e-06;0,8576913475990295;0,504881739616394;11,56212043762207;0,25764724612236023
170;0,9215829968452454;0,2421165108680725;1e-06;0,8579095005989075;0,5043193101882935;11,120646476745605;0,2584819793701172
171;0,9216969609260559;0,2418012022972107;1e-06;0,8581370711326599;0,5033850073814392;10,688430786132812;0,25906461477279663
172;0,921807050704956;0,24148248136043549;1e-06;0,8583545684814453;0,5023975372314453;10,260153770446777;0,2596997022628784
173;0,92192542552948;0,241163432598114;1e-06;0,8585883975028992;0,5018553137779236;9,834479331970215;0,26077014207839966
174;0,9220286011695862;0,24084527790546417;1e-06;0,8587844967842102;0,5012779235839844;9,415980339050293;0,26201680302619934
175;0,9221398234367371;0,24053163826465607;1e-06;0,8590113520622253;0,5003795623779297;9,011709213256836;0,26308509707450867
176;0,922248125076294;0,24021324515342712;1e-06;0,8591969013214111;0,49950817227363586;8,615965843200684;0,26424363255500793
177;0,9223617911338806;0,23989474773406982;1e-06;0,8594332337379456;0,4989912807941437;8,235163688659668;0,265309602022171
178;0,9224787354469299;0,23958061635494232;1e-06;0,8596519827842712;0,4983389675617218;7,869250297546387;0,2664482891559601
179;0,9225915670394897;0,23926183581352234;1e-06;0,8598672747612;0,49711471796035767;7,514562129974365;0,2674103081226349
180;0,9227003455162048;0,2389499545097351;1e-06;0,8600665926933289;0,4947681427001953;7,180511474609375;0,26832523941993713
181;0,922807514667511;0,23863635957241058;1e-06;0,8602760434150696;0,4918147623538971;6,859929084777832;0,26910749077796936
182;0,922921359539032;0,23832492530345917;1e-06;0,8604785799980164;0,488006591796875;6,552065372467041;0,2697640657424927
183;0,9230296015739441;0,23801283538341522;1e-06;0,8606895804405212;0,48429790139198303;6,26332950592041;0,2704879641532898
184;0,9231408834457397;0,23770543932914734;1e-06;0,8609063625335693;0,47946983575820923;5,989341735839844;0,27057960629463196
185;0,9232385754585266;0,23739661276340485;1e-06;0,8610942959785461;0,4735671579837799;5,7321600914001465;0,27019253373146057
186;0,9233428239822388;0,23708780109882355;1e-06;0,8612868785858154;0,46685710549354553;5,491081237792969;0,26923200488090515
187;0,9234482645988464;0,23677895963191986;1e-06;0,8614955544471741;0,46012797951698303;5,265010356903076;0,26832151412963867
188;0,9235509037971497;0,23647308349609375;1e-06;0,86167973279953;0,45295360684394836;5,0603485107421875;0,26691481471061707
189;0,9236575961112976;0,23616376519203186;1e-06;0,8618946671485901;0,44641903042793274;4,870298862457275;0,26564380526542664
190;0,9237660765647888;0,23585619032382965;1e-06;0,8620936274528503;0,44067245721817017;4,691756248474121;0,2648850977420807
191;0,9238677620887756;0,2355470359325409;1e-06;0,8622891902923584;0,4357275366783142;4,526565074920654;0,2645561695098877
192;0,9239652156829834;0,2352406531572342;1e-06;0,8624715805053711;0,4315428137779236;4,3701653480529785;0,2647120952606201
193;0,9240759611129761;0,234931081533432;1e-06;0,8626863360404968;0,4278523623943329;4,2229743003845215;0,2649700343608856
194;0,924185574054718;0,2346263974905014;1e-06;0,8629044890403748;0,4241164028644562;4,084111213684082;0,26547929644584656
195;0,9242862462997437;0,23431861400604248;1e-06;0,8631114959716797;0,4205455780029297;3,951404571533203;0,2662419080734253
196;0,9243922233581543;0,23401537537574768;1e-06;0,8633096218109131;0,41645240783691406;3,8272616863250732;0,26703670620918274
197;0,9244945645332336;0,2337075173854828;1e-06;0,8635188937187195;0,41227230429649353;3,7106785774230957;0,26816558837890625
198;0,92458575963974;0,23339949548244476;1e-06;0,8636701703071594;0,40882763266563416;3,5989925861358643;0,26967671513557434
199;0,924680769443512;0,2330951690673828;1e-06;0,8638510704040527;0,40617889165878296;3,494070291519165;0,27152276039123535
200;0,9247841238975525;0,23279079794883728;1e-06;0,8640519976615906;0,4030434787273407;3,396413803100586;0,2729930281639099
201;0,9248912930488586;0,232489675283432;1e-06;0,8642712235450745;0,40033748745918274;3,308666467666626;0,27477648854255676
202;0,9249864220619202;0,23218747973442078;1e-06;0,8644540905952454;0,39838844537734985;3,222764253616333;0,27675434947013855
203;0,9250906705856323;0,2318878173828125;1e-06;0,8646361827850342;0,3971317708492279;3,1401517391204834;0,27878639101982117
204;0,9252037405967712;0,23158994317054749;1e-06;0,8648459911346436;0,3969941735267639;3,063227415084839;0,2815213203430176
205;0,9253095984458923;0,231295645236969;1e-06;0,865048348903656;0,3974977135658264;2,9920032024383545;0,28440916538238525
206;0,925409734249115;0,23099344968795776;1e-06;0,8652321696281433;0,3985203206539154;2,92702317237854;0,28753355145454407
207;0,9255111217498779;0,23069636523723602;1e-06;0,8654242157936096;0,39982250332832336;2,8673057556152344;0,2910349667072296
208;0,9256120324134827;0,23039540648460388;1e-06;0,8656076788902283;0,40139198303222656;2,8088183403015137;0,29472699761390686
209;0,9257086515426636;0,23009608685970306;1e-06;0,8658075332641602;0,4029720723628998;2,7525486946105957;0,29847264289855957
210;0,9258090853691101;0,22979779541492462;1e-06;0,8659913539886475;0,40436962246894836;2,6994996070861816;0,30194053053855896
211;0,9259029626846313;0,2294987589120865;1e-06;0,8661786913871765;0,40611812472343445;2,647204875946045;0,3058081865310669
212;0,9260081648826599;0,22920122742652893;1e-06;0,8663895726203918;0,4078276455402374;2,597635269165039;0,3099193572998047
213;0,9261060953140259;0,22890916466712952;1e-06;0,8665788769721985;0,4094913899898529;2,549349308013916;0,3136705458164215
214;0,9262064099311829;0,22861145436763763;1e-06;0,8667791485786438;0,4108717739582062;2,5017569065093994;0,31706973910331726
215;0,926310122013092;0,22831474244594574;1e-06;0,8669769167900085;0,4121483266353607;2,4563708305358887;0,32020044326782227
216;0,926415205001831;0,2280201017856598;1e-06;0,867159366607666;0,4132992923259735;2,41298246383667;0,3229862153530121
217;0,9265158772468567;0,227722629904747;1e-06;0,8673564791679382;0,414321631193161;2,3724732398986816;0,3255857527256012
218;0,9266181588172913;0,2274324595928192;1e-06;0,8675627708435059;0,4153701364994049;2,3334403038024902;0,3282279372215271
219;0,9267152547836304;0,2271367460489273;1e-06;0,8677552342414856;0,4163060784339905;2,2965450286865234;0,33062732219696045
220;0,926822304725647;0,2268425077199936;1e-06;0,8679528832435608;0,41706085205078125;2,2599551677703857;0,3327823579311371
221;0,926916778087616;0,22655117511749268;1e-06;0,8681433796882629;0,417434424161911;2,2246201038360596;0,33469781279563904
222;0,9270182251930237;0,22626076638698578;1e-06;0,8683392405509949;0,4176638424396515;2,190687656402588;0,33652710914611816
223;0,9271215796470642;0,22597645223140717;1e-06;0,8685348629951477;0,4175785481929779;2,1580371856689453;0,3381098508834839
224;0,9272318482398987;0,2256857007741928;1e-06;0,8687309622764587;0,417510449886322;2,127051830291748;0,33964142203330994
225;0,9273207783699036;0,22539466619491577;1e-06;0,8689289093017578;0,4174101650714874;2,0983479022979736;0,3412911593914032
226;0,9274245500564575;0,22510839998722076;1e-06;0,8691049218177795;0,4172077178955078;2,0712897777557373;0,34282276034355164
227;0,9275174140930176;0,22482013702392578;1e-06;0,8692901730537415;0,4168717563152313;2,0454022884368896;0,3442972004413605
228;0,9276137948036194;0,22453537583351135;1e-06;0,8694897294044495;0,4171706736087799;2,0201401710510254;0,346066951751709
229;0,9277081489562988;0,22424742579460144;1e-06;0,8696653246879578;0,417694628238678;1,9962165355682373;0,3478938043117523
230;0,9278084635734558;0,22395983338356018;1e-06;0,8698697686195374;0,41883739829063416;1,9719963073730469;0,3501397669315338
231;0,9279044270515442;0,22367426753044128;1e-06;0,8700680732727051;0,42057308554649353;1,9469243288040161;0,35250189900398254
232;0,9280073046684265;0,22338877618312836;1e-06;0,8702535629272461;0,4227790832519531;1,9221267700195312;0,35494065284729004
233;0,9281042814254761;0,22310318052768707;1e-06;0,8704342842102051;0,4250580966472626;1,8974543809890747;0,35720792412757874
234;0,9282037019729614;0,22282083332538605;1e-06;0,8706217408180237;0,4272962212562561;1,8737608194351196;0,3593937158584595
235;0,9282987117767334;0,22253450751304626;1e-06;0,8708083033561707;0,43001583218574524;1,8490930795669556;0,36172211170196533
236;0,9283953309059143;0,22224943339824677;1e-06;0,870997428894043;0,4330460727214813;1,8256365060806274;0,36414870619773865
237;0,9284871220588684;0,2219681292772293;1e-06;0,8711764812469482;0,43634387850761414;1,8020604848861694;0,3666684627532959
238;0,9285857677459717;0,22168727219104767;1e-06;0,871370792388916;0,4398430287837982;1,7787753343582153;0,36913228034973145
239;0,9286782145500183;0,22140897810459137;1e-06;0,87155681848526;0,4438152313232422;1,7553068399429321;0,371854692697525
240;0,9287731051445007;0,22112560272216797;1e-06;0,8717372417449951;0,44837242364883423;1,7322050333023071;0,3749644458293915
241;0,9288707971572876;0,22083857655525208;1e-06;0,8719380497932434;0,452942430973053;1,7093156576156616;0,37803569436073303
242;0,9289682507514954;0,22055761516094208;1e-06;0,8721341490745544;0,45744243264198303;1,6878308057785034;0,3811080753803253
243;0,9290563464164734;0,22028085589408875;1e-06;0,8723035454750061;0,4618663787841797;1,6679002046585083;0,38409242033958435
244;0,9291512370109558;0,21999995410442352;1e-06;0,8724796175956726;0,466476172208786;1,6486575603485107;0,38720953464508057
245;0,9292566776275635;0,2197226583957672;1e-06;0,8726816773414612;0,471297949552536;1,6297272443771362;0,3904514014720917
246;0,9293442964553833;0,21944421529769897;1e-06;0,872858464717865;0,4757475256919861;1,611713171005249;0,3935055434703827
247;0,9294397830963135;0,21916984021663666;1e-06;0,873036801815033;0,4800455868244171;1,594781756401062;0,3963949680328369
248;0,9295334219932556;0,21889819204807281;1e-06;0,8731949925422668;0,4841916263103485;1,578531265258789;0,3990701735019684
249;0,9296287894248962;0,21862126886844635;1e-06;0,8733804821968079;0,4883406460285187;1,562500238418579;0,4018298089504242
250;0,929725170135498;0,21834568679332733;1e-06;0,8735666275024414;0,4920485317707062;1,5485169887542725;0,4042813777923584
251;0,92982017993927;0,21806700527668;1e-06;0,8737471699714661;0,4956972897052765;1,534900426864624;0,40692368149757385
252;0,9299172163009644;0,21779467165470123;1e-06;0,8739418983459473;0,49918556213378906;1,5226045846939087;0,4093879461288452
253;0,9300093054771423;0,217519149184227;1e-06;0,8741415143013;0,5028781890869141;1,5100586414337158;0,4119906723499298
254;0,9301089644432068;0,21724100410938263;1e-06;0,8743357062339783;0,5064356923103333;1,497751235961914;0,4144711494445801
255;0,9301970601081848;0,2169654816389084;1e-06;0,8745102882385254;0,5097822546958923;1,4859087467193604;0,41687265038490295
256;0,9302837252616882;0,21669787168502808;1e-06;0,8746676445007324;0,5131980180740356;1,4743469953536987;0,4192674458026886
257;0,9303678870201111;0,21642644703388214;1e-06;0,8748342394828796;0,5164037346839905;1,463358759880066;0,42148569226264954
258;0,9304691553115845;0,21615560352802277;1e-06;0,8750384449958801;0,5193696618080139;1,452839732170105;0,4235934317111969
259;0,9305644035339355;0,2158869057893753;1e-06;0,8752079010009766;0,5220688581466675;1,4431965351104736;0,42556047439575195
260;0,9306510090827942;0,2156188189983368;1e-06;0,8753842711448669;0,5247374773025513;1,433463215827942;0,4276393949985504
261;0,9307401180267334;0,21534739434719086;1e-06;0,875554621219635;0,5274238586425781;1,4243762493133545;0,42963460087776184
262;0,9308321475982666;0,21507488191127777;1e-06;0,8757421374320984;0,5301957726478577;1,4155820608139038;0,43179264664649963
263;0,9309180378913879;0,21481072902679443;1e-06;0,8759170174598694;0,5329374670982361;1,4069366455078125;0,4339410364627838
264;0,931013286113739;0,21454106271266937;1e-06;0,8761086463928223;0,5357832312583923;1,3980838060379028;0,4362609386444092
265;0,9311087727546692;0,21427156031131744;1e-06;0,8762897849082947;0,5386189222335815;1,3893072605133057;0,43863165378570557
266;0,9311951398849487;0,21400801837444305;1e-06;0,8764656186103821;0,5413540601730347;1,3802672624588013;0,4409205913543701
267;0,9312958121299744;0,21374182403087616;1e-06;0,8766467571258545;0,5441327691078186;1,3711217641830444;0,4432712495326996
268;0,9313791394233704;0,2134726345539093;1e-06;0,8768248558044434;0,54669189453125;1,3627501726150513;0,4454509913921356
269;0,9314690828323364;0,2132122665643692;1e-06;0,8770083785057068;0,5495074391365051;1,3536590337753296;0,44787654280662537
270;0,9315526485443115;0,2129519134759903;1e-06;0,8771750926971436;0,5521125793457031;1,3448630571365356;0,4501529037952423
271;0,9316436052322388;0,21269172430038452;1e-06;0,8773472905158997;0,5546455383300781;1,3361852169036865;0,4523533284664154
272;0,9317249059677124;0,21242548525333405;1e-06;0,8775236010551453;0,5571155548095703;1,327840805053711;0,4544425904750824
273;0,9318104386329651;0,21216502785682678;1e-06;0,8776905536651611;0,55963134765625;1,3189657926559448;0,45661237835884094
274;0,9319049715995789;0,2118997871875763;1e-06;0,8778681755065918;0,5622705817222595;1,310031533241272;0,4588586986064911
275;0,9319987297058105;0,21163438260555267;1e-06;0,8780431151390076;0,5646664500236511;1,301674723625183;0,46086636185646057
276;0,932088315486908;0,21137551963329315;1e-06;0,8782294392585754;0,5669708251953125;1,2936575412750244;0,4627700746059418
277;0,9321833252906799;0,21111495792865753;1e-06;0,8783981204032898;0,569325864315033;1,2855644226074219;0,4647082984447479
278;0,9322683215141296;0,2108571082353592;1e-06;0,8785772323608398;0,5711784362792969;1,2786093950271606;0,46638384461402893
279;0,932349443435669;0,21059873700141907;1e-06;0,8787450194358826;0,5730181932449341;1,2718534469604492;0,46806249022483826
280;0,9324328303337097;0,21034222841262817;1e-06;0,8789095878601074;0,5747612714767456;1,265179991722107;0,46970757842063904
281;0,9325204491615295;0,21008925139904022;1e-06;0,8790724277496338;0,576517641544342;1,2582495212554932;0,47143569588661194
282;0,9326136112213135;0,2098327875137329;1e-06;0,8792524337768555;0,5782544016838074;1,2514890432357788;0,47307634353637695
283;0,9326946139335632;0,20957502722740173;1e-06;0,8794143795967102;0,5800345540046692;1,2448242902755737;0,4747503697872162
284;0,9327759146690369;0,20931512117385864;1e-06;0,8795697689056396;0,5816680192947388;1,2384406328201294;0,4762699604034424
285;0,9328588843345642;0,20905780792236328;1e-06;0,8797385692596436;0,5831451416015625;1,232661247253418;0,4777405560016632
286;0,9329288601875305;0,2088029533624649;1e-06;0,8798665404319763;0,5846050977706909;1,2269319295883179;0,47918376326560974
287;0,933022677898407;0,2085483819246292;1e-06;0,8800556063652039;0,5861772894859314;1,2210137844085693;0,48067930340766907
288;0,9331047534942627;0,20829430222511292;1e-06;0,8802266120910645;0,5877342224121094;1,2154170274734497;0,4822215139865875
289;0,9331844449043274;0,20804069936275482;1e-06;0,8803750872612;0,589192807674408;1,2097499370574951;0,48355355858802795
290;0,9332718253135681;0,20778754353523254;1e-06;0,8805335164070129;0,5905663371086121;1,2044562101364136;0,4849177300930023
291;0,9333555102348328;0,20753519237041473;1e-06;0,88069087266922;0,5918669104576111;1,1995207071304321;0,48619067668914795
292;0,9334439635276794;0,20728495717048645;1e-06;0,8808689713478088;0,5930644273757935;1,194854736328125;0,487451434135437
293;0,9335366487503052;0,20703241229057312;1e-06;0,8810548782348633;0,5942355394363403;1,1902124881744385;0,48866090178489685
294;0,9336219429969788;0,20678213238716125;1e-06;0,8812146186828613;0,5953044891357422;1,18595290184021;0,48981666564941406
295;0,9337068200111389;0,20653100311756134;1e-06;0,8813748359680176;0,596312940120697;1,1819547414779663;0,4909447133541107
296;0,933784008026123;0,20628288388252258;1e-06;0,8815210461616516;0,5974385142326355;1,1777201890945435;0,4920720160007477
297;0,9338626265525818;0,2060328722000122;1e-06;0,8816807866096497;0,5983042120933533;1,1742295026779175;0,49304595589637756
298;0,9339458346366882;0,2057877480983734;1e-06;0,8818281292915344;0,599101722240448;1,171014428138733;0,49393773078918457
299;0,9340291023254395;0,2055421620607376;1e-06;0,881986677646637;0,5998717546463013;1,167702555656433;0,4947849214076996
300;0,9341168403625488;0,20529402792453766;1e-06;0,8821648955345154;0,6007804870605469;1,1640584468841553;0,495654821395874
301;0,9341928958892822;0,2050493061542511;1e-06;0,882329523563385;0,6014782786369324;1,1613655090332031;0,4964631497859955
302;0,9342746138572693;0,2047998309135437;1e-06;0,8824875354766846;0,6022009253501892;1,1585582494735718;0,4972445070743561
303;0,9343599081039429;0,20455677807331085;1e-06;0,8826386332511902;0,6028597950935364;1,1559504270553589;0,4980316162109375
304;0,9344363212585449;0,20430999994277954;1e-06;0,8827899098396301;0,603534996509552;1,1534655094146729;0,4988071918487549
305;0,9345167875289917;0,2040613293647766;1e-06;0,8829461932182312;0,6041020154953003;1,1512502431869507;0,49948784708976746
306;0,9345998167991638;0,2038167119026184;1e-06;0,8831021785736084;0,604716956615448;1,1489884853363037;0,5001320242881775
307;0,9346741437911987;0,20357444882392883;1e-06;0,8832356333732605;0,6052864789962769;1,1468573808670044;0,5008274912834167
308;0,9347519278526306;0,20333576202392578;1e-06;0,8833886981010437;0,6059420704841614;1,1446361541748047;0,5015200972557068
309;0,9348374605178833;0,20309023559093475;1e-06;0,8835476040840149;0,6065172553062439;1,1425786018371582;0,5021230578422546
310;0,9349052906036377;0,20285320281982422;1e-06;0,8836743235588074;0,6071009039878845;1,1405129432678223;0,5027207732200623
311;0,9349859952926636;0,20260420441627502;1e-06;0,8838397860527039;0,6075602769851685;1,1386805772781372;0,503227710723877
312;0,9350714087486267;0,20236772298812866;1e-06;0,8839794993400574;0,6079730987548828;1,1371324062347412;0,5037396550178528
313;0,9351459741592407;0,20212765038013458;1e-06;0,8841418623924255;0,6084071397781372;1,1354405879974365;0,5042765736579895
314;0,9352319836616516;0,20189042389392853;1e-06;0,8843067288398743;0,6087605357170105;1,1340343952178955;0,5047194361686707
315;0,9353183507919312;0,2016490399837494;1e-06;0,8844745755195618;0,6091248393058777;1,1327301263809204;0,5051856637001038
316;0,9353881478309631;0,20141124725341797;1e-06;0,8846017718315125;0,6094845533370972;1,131500482559204;0,505652666091919
317;0,9354608654975891;0,20117303729057312;1e-06;0,8847482204437256;0,609923243522644;1,13005530834198;0,5061567425727844
318;0,9355344176292419;0,2009323388338089;1e-06;0,8848879933357239;0,6101967692375183;1,1290785074234009;0,5065599083900452
319;0,9356140494346619;0,20069620013237;1e-06;0,8850493431091309;0,610533595085144;1,1277954578399658;0,5069258213043213
320;0,9357004761695862;0,20046216249465942;1e-06;0,8852035403251648;0,6107752919197083;1,1268470287322998;0,5073009729385376
321;0,9357741475105286;0,20022551715373993;1e-06;0,8853444457054138;0,6110245585441589;1,1260651350021362;0,5076334476470947
322;0,9358522891998291;0,19999100267887115;1e-06;0,8855012059211731;0,6113104224205017;1,1250056028366089;0,5079872012138367
323;0,9359352588653564;0,1997554898262024;1e-06;0,8856598734855652;0,6115447282791138;1,124190092086792;0,5082560777664185
324;0,9360144734382629;0,1995239406824112;1e-06;0,8858080506324768;0,611815333366394;1,1232465505599976;0,5086100697517395
325;0,9360893964767456;0,19929267466068268;1e-06;0,8859555125236511;0,6119616627693176;1,1226342916488647;0,5088231563568115
326;0,9361698031425476;0,19905784726142883;1e-06;0,8861019611358643;0,6121392846107483;1,1220897436141968;0,5090370178222656
327;0,9362538456916809;0,19881750643253326;1e-06;0,8862484097480774;0,6122804284095764;1,1216920614242554;0,5092530250549316
328;0,9363323450088501;0,19858571887016296;1e-06;0,8864035606384277;0,6125379204750061;1,1208597421646118;0,5095436573028564
329;0,9363936185836792;0,19835469126701355;1e-06;0,8865178227424622;0,6126722693443298;1,1203902959823608;0,5097412467002869
330;0,9364796280860901;0,1981215924024582;1e-06;0,886692225933075;0,6128469109535217;1,1198076009750366;0,509972095489502
331;0,9365607500076294;0,1978875994682312;1e-06;0,8868464827537537;0,6129297614097595;1,1196132898330688;0,5101451873779297
332;0,936630129814148;0,19765885174274445;1e-06;0,8869841694831848;0,6129687428474426;1,1194020509719849;0,510284960269928
333;0,9367059469223022;0,1974286586046219;1e-06;0,8871434330940247;0,6131000518798828;1,119009256362915;0,5104200839996338
334;0,9367843270301819;0,19720198214054108;1e-06;0,887300968170166;0,6131575703620911;1,1189162731170654;0,5105708837509155
335;0,9368546009063721;0,1969722956418991;1e-06;0,887437105178833;0,6132793426513672;1,118604302406311;0,510711133480072
336;0,936930239200592;0,19674237072467804;1e-06;0,8875729441642761;0,6132932305335999;1,1185225248336792;0,5107763409614563
337;0,937003493309021;0,1965109258890152;1e-06;0,8877177834510803;0,6133992075920105;1,1182987689971924;0,5109359622001648
338;0,9370734691619873;0,19628140330314636;1e-06;0,8878461718559265;0,6134586334228516;1,1182528734207153;0,5110369324684143
339;0,9371446371078491;0,19605690240859985;1e-06;0,8879874348640442;0,6134924292564392;1,1182643175125122;0,5111380219459534
340;0,9372128844261169;0,19583189487457275;1e-06;0,8881134390830994;0,6135630011558533;1,117940902709961;0,5112535953521729
341;0,9373031258583069;0,19560548663139343;1e-06;0,8882720470428467;0,6136325001716614;1,117981195449829;0,5113833546638489
342;0,937372624874115;0,19538144767284393;1e-06;0,8884127736091614;0,6136425733566284;1,1180580854415894;0,5114358067512512
343;0,9374328255653381;0,1951553076505661;1e-06;0,8885278105735779;0,613494873046875;1,1186569929122925;0,5114380121231079
344;0,9375044107437134;0,19493308663368225;1e-06;0,8886582255363464;0,6135929822921753;1,11854088306427;0,51156085729599
345;0,9375856518745422;0,19471058249473572;1e-06;0,8888158798217773;0,6136218309402466;1,1186566352844238;0,5116510987281799
346;0,9376556873321533;0,194482684135437;1e-06;0,888952910900116;0,6136422753334045;1,1187469959259033;0,5117084383964539
347;0,9377277493476868;0,19426214694976807;1e-06;0,8891058564186096;0,6136856079101562;1,1189223527908325;0,5117922425270081
348;0,9378075003623962;0,1940375715494156;1e-06;0,8892485499382019;0,6136839985847473;1,1192028522491455;0,5118301510810852
349;0,9378792643547058;0,1938139945268631;1e-06;0,8893944621086121;0,6135899424552917;1,119638204574585;0,5118092894554138
350;0,9379655122756958;0,19359059631824493;1e-06;0,8895565867424011;0,6136128306388855;1,1199043989181519;0,5118741989135742
351;0,9380404353141785;0,1933702528476715;1e-06;0,8897087574005127;0,6136455535888672;1,120029330253601;0,511976420879364
352;0,9381011128425598;0,19315113127231598;1e-06;0,8898207545280457;0,6137499213218689;1,1198453903198242;0,5120606422424316
353;0,9381753206253052;0,19293366372585297;1e-06;0,8899621963500977;0,6137779951095581;1,1200913190841675;0,5121409893035889
354;0,9382452368736267;0,19271577894687653;1e-06;0,8901040554046631;0,6137360334396362;1,1204769611358643;0,5120989680290222
355;0,9383293986320496;0,19249603152275085;1e-06;0,8902662396430969;0,6137940287590027;1,1206119060516357;0,5121456980705261
356;0,9383944869041443;0,19227854907512665;1e-06;0,8903970718383789;0,6137161254882812;1,1210720539093018;0,51218181848526
357;0,9384679198265076;0,1920626312494278;1e-06;0,8905451893806458;0,61363685131073;1,121517539024353;0,512150764465332
358;0,9385353922843933;0,19184504449367523;1e-06;0,890662670135498;0,6136420369148254;1,1218048334121704;0,5121803879737854
359;0,9386175870895386;0,191628560423851;1e-06;0,8908193707466125;0,6135973334312439;1,1221873760223389;0,5121710300445557
360;0,9386826753616333;0,19141314923763275;1e-06;0,8909499049186707;0,6135256886482239;1,1226567029953003;0,5121870040893555
361;0,9387463927268982;0,19119693338871002;1e-06;0,8910689353942871;0,6134169697761536;1,1233080625534058;0,5121160745620728
362;0,9388319253921509;0,19097821414470673;1e-06;0,8912279009819031;0,6134400963783264;1,1234710216522217;0,5121447443962097
363;0,9388981461524963;0,19076509773731232;1e-06;0,8913629055023193;0,6133648753166199;1,1239511966705322;0,5121847987174988
364;0,9389722347259521;0,19055157899856567;1e-06;0,8914971351623535;0,6133242845535278;1,124402642250061;0,5121950507164001
365;0,9390401244163513;0,19033734500408173;1e-06;0,8916168212890625;0,6132749915122986;1,1248438358306885;0,5121448040008545
366;0,9391112923622131;0,1901232898235321;1e-06;0,8917533755302429;0,6132103800773621;1,1253637075424194;0,5121632218360901
367;0,9391850829124451;0,18991364538669586;1e-06;0,8918969035148621;0,6132014393806458;1,1256768703460693;0,5121379494667053
368;0,9392485022544861;0,18970385193824768;1e-06;0,8920321464538574;0,6130572557449341;1,1263402700424194;0,5120794177055359
369;0,9393213391304016;0,18948787450790405;1e-06;0,8921710848808289;0,6129814982414246;1,1268837451934814;0,5120911598205566
370;0,9393979907035828;0,18927782773971558;1e-06;0,8923027515411377;0,6128722429275513;1,1275213956832886;0,5120203495025635
371;0,9394673705101013;0,18905825912952423;1e-06;0,8924267292022705;0,6127973198890686;1,1281205415725708;0,5119512677192688
372;0,9395185708999634;0,18885071575641632;1e-06;0,8925369381904602;0,6127586364746094;1,1285488605499268;0,511962890625
373;0,939595639705658;0,18863922357559204;1e-06;0,8926612734794617;0,6126801371574402;1,1290620565414429;0,5119534134864807
374;0,9396623373031616;0,18843001127243042;1e-06;0,8928072452545166;0,6126191020011902;1,12959885597229;0,5119510889053345
375;0,9397302269935608;0,1882176399230957;1e-06;0,8929443955421448;0,612630307674408;1,129900574684143;0,5119718909263611
376;0,9398114681243896;0,18800652027130127;1e-06;0,8930961489677429;0,6124976277351379;1,130618929862976;0,5118914246559143
377;0,9398851990699768;0,18780139088630676;1e-06;0,8932439684867859;0,6124199628829956;1,131166696548462;0,511867344379425
378;0,9399605989456177;0,18759077787399292;1e-06;0,8933899998664856;0,6123553514480591;1,1317930221557617;0,5118456482887268
379;0,9400195479393005;0,18738149106502533;1e-06;0,8935051560401917;0,6123471856117249;1,132187843322754;0,5118576884269714
380;0,9400937557220459;0,18717680871486664;1e-06;0,8936492800712585;0,6123488545417786;1,1325016021728516;0,5118374824523926
381;0,9401496052742004;0,18696880340576172;1e-06;0,8937599062919617;0,6122213006019592;1,1332167387008667;0,5117807388305664
382;0,9402190446853638;0,1867600381374359;1e-06;0,8938983082771301;0,6120929718017578;1,1339131593704224;0,5117380023002625
383;0,9402973055839539;0,186555415391922;1e-06;0,8940322995185852;0,6120275855064392;1,1345182657241821;0,5116968750953674
384;0,9403529167175293;0,18634919822216034;1e-06;0,8941438794136047;0,6119757890701294;1,1349990367889404;0,5116744637489319
385;0,9404156804084778;0,18614210188388824;1e-06;0,8942564129829407;0,6118583679199219;1,1357035636901855;0,5116510391235352
386;0,9404937028884888;0,18593527376651764;1e-06;0,8944065570831299;0,6117697954177856;1,1363976001739502;0,5115819573402405
387;0,9405491948127747;0,18573199212551117;1e-06;0,894521176815033;0,6116477251052856;1,1371582746505737;0,5115174651145935
388;0,9406189322471619;0,18552957475185394;1e-06;0,8946529030799866;0,6114774346351624;1,1380144357681274;0,5114157795906067
389;0,9406914114952087;0,18532924354076385;1e-06;0,8947935700416565;0,6113425493240356;1,1388243436813354;0,5113615393638611
390;0,9407578706741333;0,1851271539926529;1e-06;0,8949320912361145;0,6112934947013855;1,1393605470657349;0,5113248825073242
391;0,9408287405967712;0,18492282927036285;1e-06;0,8950566649436951;0,6112324595451355;1,140021800994873;0,5113052725791931
392;0,9409034252166748;0,18472379446029663;1e-06;0,8952005505561829;0,6110948920249939;1,140799641609192;0,5112223625183105
393;0,9409645795822144;0,18451637029647827;1e-06;0,8953194618225098;0,6109851002693176;1,141426920890808;0,511164128780365
394;0,9410355091094971;0,18431778252124786;1e-06;0,8954558372497559;0,6108869910240173;1,1422145366668701;0,511117160320282
395;0,9411003589630127;0,18411694467067719;1e-06;0,8955658078193665;0,6108327507972717;1,1428215503692627;0,5110816955566406
396;0,9411660432815552;0,18391801416873932;1e-06;0,8956769108772278;0,6107264757156372;1,14351487159729;0,5110345482826233
397;0,9412280917167664;0,18371976912021637;1e-06;0,895798921585083;0,6106087565422058;1,1442149877548218;0,5109761953353882
398;0,9412890076637268;0,18352161347866058;1e-06;0,8958998322486877;0,6104897260665894;1,1449050903320312;0,5108999609947205
399;0,9413623213768005;0,18332557380199432;1e-06;0,896052360534668;0,6104332804679871;1,1454966068267822;0,5108649134635925
400;0,9414154887199402;0,18312697112560272;1e-06;0,8961541056632996;0,6102341413497925;1,1465438604354858;0,510748565196991
401;0,9414784908294678;0,18292663991451263;1e-06;0,8962692618370056;0,6101719737052917;1,1471890211105347;0,5107050538063049
402;0,9415562748908997;0,18273146450519562;1e-06;0,8963851928710938;0,6101313829421997;1,147748351097107;0,5106766223907471
403;0,9416139721870422;0,18253600597381592;1e-06;0,8965065479278564;0,610057532787323;1,1482573747634888;0,5106640458106995
404;0,9416826367378235;0,18234215676784515;1e-06;0,8966373801231384;0,6100234985351562;1,148699164390564;0,5106305480003357
405;0,9417452812194824;0,18214420974254608;1e-06;0,8967540264129639;0,6099000573158264;1,1493561267852783;0,510554313659668
406;0,9418067932128906;0,18195153772830963;1e-06;0,8968834280967712;0,6098387837409973;1,149962067604065;0,5104959607124329
407;0,9418688416481018;0,18175753951072693;1e-06;0,8969931602478027;0,6097128987312317;1,1507920026779175;0,5104524493217468
408;0,9419436454772949;0,18156133592128754;1e-06;0,8971381783485413;0,6095839738845825;1,1514736413955688;0,510378897190094
409;0,9420071244239807;0,18136803805828094;1e-06;0,897260844707489;0,6094515919685364;1,152408480644226;0,5102949142456055
410;0,9420582056045532;0,18117518723011017;1e-06;0,8973366618156433;0,6093428730964661;1,1531343460083008;0,5102078914642334
411;0,9421263933181763;0,18097876012325287;1e-06;0,8974965214729309;0,6092730760574341;1,153767466545105;0,5101739764213562
412;0,942194402217865;0,18078230321407318;1e-06;0,8976064324378967;0,6092259287834167;1,1543352603912354;0,5101469159126282
413;0,9422388672828674;0,18058794736862183;1e-06;0,8977055549621582;0,6091022491455078;1,1552766561508179;0,5100879073143005
414;0,9423102140426636;0,18039284646511078;1e-06;0,8978304862976074;0,6088951826095581;1,1564229726791382;0,5099892020225525
